{"cameraMode":{"drawMode":0,"name":"Shaded","section":"Shading Mode"},"sceneLighting":false,"audioPlay":false,"sceneViewState":{"m_AlwaysRefresh":false,"showFog":false,"showSkybox":false,"showFlares":false,"showImageEffects":false,"showParticleSystems":false,"showVisualEffectGraphs":true,"m_FxEnabled":true},"in2DMode":false,"pivot":{"x":0.6626302003860474,"y":-3.3894002437591554,"z":-12.452959060668946},"rotation":{"x":-0.004141346551477909,"y":-0.9898175001144409,"z":0.13929487764835359,"w":-0.029415620490908624},"size":6.714917182922363,"orthographic":false}