{"cameraMode":{"drawMode":0,"name":"Shaded","section":"Shading Mode"},"sceneLighting":false,"audioPlay":false,"sceneViewState":{"m_AlwaysRefresh":false,"showFog":true,"showSkybox":false,"showFlares":true,"showImageEffects":true,"showParticleSystems":true,"showVisualEffectGraphs":true,"m_FxEnabled":true},"in2DMode":false,"pivot":{"x":-0.020546287298202516,"y":0.41227900981903078,"z":0.1371612846851349},"rotation":{"x":0.07385700941085816,"y":-0.9020631909370422,"z":0.1711471974849701,"w":0.38927751779556277},"size":0.27225810289382937,"orthographic":false}