{"cameraMode":{"drawMode":0,"name":"Shaded","section":"Shading Mode"},"sceneLighting":false,"audioPlay":false,"sceneViewState":{"m_AlwaysRefresh":false,"showFog":true,"showSkybox":false,"showFlares":true,"showImageEffects":true,"showParticleSystems":true,"showVisualEffectGraphs":true,"m_FxEnabled":true},"in2DMode":false,"pivot":{"x":0.03542900085449219,"y":2.361668586730957,"z":0.04496002197265625},"rotation":{"x":-0.6152571439743042,"y":-0.004485436249524355,"z":0.0035145459696650507,"w":-0.7883309125900269},"size":25.444110870361329,"orthographic":false}