{"cameraMode":{"drawMode":0,"name":"Shaded","section":"Shading Mode"},"sceneLighting":false,"audioPlay":false,"sceneViewState":{"m_AlwaysRefresh":false,"showFog":false,"showSkybox":false,"showFlares":false,"showImageEffects":false,"showParticleSystems":false,"showVisualEffectGraphs":true,"m_FxEnabled":true},"in2DMode":false,"pivot":{"x":11.955850601196289,"y":8.141149520874024,"z":-0.11845016479492188},"rotation":{"x":-0.0035519152879714967,"y":-0.9897297024726868,"z":0.14079688489437104,"w":-0.024955861270427705},"size":10.24605655670166,"orthographic":false}