{"cameraMode":{"drawMode":0,"name":"Shaded","section":"Shading Mode"},"sceneLighting":true,"audioPlay":false,"sceneViewState":{"m_AlwaysRefresh":false,"showFog":true,"showSkybox":true,"showFlares":true,"showImageEffects":true,"showParticleSystems":true,"showVisualEffectGraphs":true,"m_FxEnabled":true},"in2DMode":false,"pivot":{"x":-1.9167723655700684,"y":0.6248016953468323,"z":-1.3127224445343018},"rotation":{"x":0.12921349704265595,"y":-0.44664040207862856,"z":0.06535669416189194,"w":0.8829384446144104},"size":4.309277057647705,"orthographic":false}