{"cameraMode":{"drawMode":0,"name":"Shaded","section":"Shading Mode"},"sceneLighting":false,"audioPlay":false,"sceneViewState":{"m_AlwaysRefresh":false,"showFog":true,"showSkybox":false,"showFlares":true,"showImageEffects":true,"showParticleSystems":true,"showVisualEffectGraphs":true,"m_FxEnabled":true},"in2DMode":false,"pivot":{"x":0.002883017063140869,"y":0.2955426573753357,"z":0.22663916647434236},"rotation":{"x":0.2506263554096222,"y":0.7489691376686096,"z":-0.4192469120025635,"w":0.4477345645427704},"size":1.1298842430114747,"orthographic":false}