{"cameraMode":{"drawMode":0,"name":"Shaded","section":"Shading Mode"},"sceneLighting":false,"audioPlay":false,"sceneViewState":{"m_AlwaysRefresh":false,"showFog":false,"showSkybox":false,"showFlares":false,"showImageEffects":false,"showParticleSystems":false,"showVisualEffectGraphs":true,"m_FxEnabled":true},"in2DMode":false,"pivot":{"x":-0.05604720860719681,"y":0.8851363062858582,"z":0.08615291118621826},"rotation":{"x":-0.004928729962557554,"y":-0.9748302102088928,"z":0.22189399600028993,"w":-0.021653886884450914},"size":0.5835187435150147,"orthographic":false}