{"cameraMode":{"drawMode":0,"name":"Shaded","section":"Shading Mode"},"sceneLighting":false,"audioPlay":false,"sceneViewState":{"m_AlwaysRefresh":false,"showFog":false,"showSkybox":false,"showFlares":false,"showImageEffects":false,"showParticleSystems":false,"showVisualEffectGraphs":true,"m_FxEnabled":true},"in2DMode":false,"pivot":{"x":0.004817269742488861,"y":0.2125156670808792,"z":0.007800646126270294},"rotation":{"x":0.010041814297437668,"y":0.9665865302085877,"z":-0.25331759452819826,"w":0.03831375390291214},"size":0.24407635629177094,"orthographic":false}