{"cameraMode":{"drawMode":0,"name":"Shaded","section":"Shading Mode"},"sceneLighting":false,"audioPlay":false,"sceneViewState":{"m_AlwaysRefresh":false,"showFog":false,"showSkybox":false,"showFlares":false,"showImageEffects":false,"showParticleSystems":false,"showVisualEffectGraphs":true,"m_FxEnabled":true},"in2DMode":false,"pivot":{"x":0.0015748068690299988,"y":0.21842986345291139,"z":0.005407616496086121},"rotation":{"x":0.25399070978164675,"y":-0.007259140722453594,"z":0.0019069170812144876,"w":0.9671837687492371},"size":0.8896116614341736,"orthographic":false}